aaref	aaalt	aapos	Ensembl_proteinid	SIFT_score	SIFT4G_score	Polyphen2_HDIV_score	Polyphen2_HVAR_score	LRT_score	MutationTaster_score	MutationAssessor_score	FATHMM_score	PROVEAN_score	VEST4_score	MetaSVM_score	MetaLR_score	MetaRNN_score	M-CAP_score	REVEL_score	MutPred_score	MVP_score	MPC_score	PrimateAI_score	DEOGEN2_score	BayesDel_addAF_score	BayesDel_noAF_score	ClinPred_score	LIST-S2_score	CADD_raw	CADD_raw_hg19	DANN_score	fathmm-MKL_coding_score	fathmm-XF_coding_score	Eigen-raw_coding	GenoCanyon_score	LINSIGHT
M	L	1	ENSP00000493376	.	.	.	.	.	.	.	.	.	.	.	.	0.3169853	.	.	.	.	.	.	.	.	.	.	0.9	1.8556580000000003	1.166158	0.702786403930532	0.56748	.	.	2.0169358978342497e-05	0.206807
M	V	1	ENSP00000493376	.	.	.	.	.	.	.	.	.	.	.	.	0.3184599	.	.	.	.	.	.	.	.	.	.	0.9	1.885325	1.188701	0.739273374591344	0.28576	.	.	2.0169358978342497e-05	0.206807
M	L	1	ENSP00000493376	.	.	.	.	.	.	.	.	.	.	.	.	0.31631923	.	.	.	.	.	.	.	.	.	.	0.9	1.8421720000000001	1.1731850000000001	0.688769945409654	0.55109	.	.	2.0169358978342497e-05	0.206807
M	K	1	ENSP00000493376	.	.	.	.	.	.	.	.	.	.	.	.	0.34342164	.	.	.	.	.	.	.	.	.	.	0.9	1.8600560000000002	1.256626	0.7095551571767492	0.44083999999999995	.	.	0.00018339854176981798	0.692437
M	T	1	ENSP00000493376	.	.	.	.	.	.	.	.	.	.	.	.	0.34620103	.	.	.	.	.	.	.	.	.	.	0.9	1.90847	1.272917	0.782467194870695	0.59435	.	.	0.00018339854176981798	0.692437
M	R	1	ENSP00000493376	.	.	.	.	.	.	.	.	.	.	.	.	0.34439301	.	.	.	.	.	.	.	.	.	.	0.9	1.8770650000000002	1.248504	0.7525467884260498	0.6197	.	.	0.00018339854176981798	0.692437
M	I	1	ENSP00000493376	.	.	.	.	.	.	.	.	.	.	.	.	0.34974843	.	.	.	.	.	.	.	.	.	.	0.9	1.8832369999999998	1.141989	0.5411649035224958	0.5745100000000001	.	.	2.04162243917733e-05	0.206807
M	I	1	ENSP00000493376	.	.	.	.	.	.	.	.	.	.	.	.	0.34753734	.	.	.	.	.	.	.	.	.	.	0.9	1.846542	1.082065	0.6086484001593455	0.5637800000000001	.	.	2.04162243917733e-05	0.206807
M	I	1	ENSP00000493376	.	.	.	.	.	.	.	.	.	.	.	.	0.34681088	.	.	.	.	.	.	.	.	.	.	0.9	1.834384	1.092265	0.540231602664499	0.46233	.	.	2.04162243917733e-05	0.206807
K	Q	2	ENSP00000493376	.	.	.	.	.	.	.	.	.	.	.	.	0.2472032	.	.	.	.	.	.	.	.	.	.	0.280872	1.9648880000000002	1.141241	0.6851601476114262	0.7704	.	.	1.57041819203218e-05	0.206807
K	E	2	ENSP00000493376	.	.	.	.	.	.	.	.	.	.	.	.	0.2485984	.	.	.	.	.	.	.	.	.	.	0.240176	1.9945560000000002	1.163784	0.72105067069127	0.7620600000000001	.	.	1.57041819203218e-05	0.206807
K	X	2	ENSP00000493376	.	.	.	.	.	.	.	.	.	.	.	.	.	.	.	.	.	.	.	.	.	.	.	.	1.951402	1.148268	0.6741453851653781	0.71878	.	.	1.57041819203218e-05	0.206807
K	T	2	ENSP00000493376	.	.	.	.	.	.	.	.	.	.	.	.	0.26177675	.	.	.	.	.	.	.	.	.	.	0.291471	1.861477	1.228618	0.7417963347679186	0.66892	.	.	0.00018339854176981798	0.692437
K	R	2	ENSP00000493376	.	.	.	.	.	.	.	.	.	.	.	.	0.2632155	.	.	.	.	.	.	.	.	.	.	0.253675	1.891145	1.251161	0.7714382132505234	0.70629	.	.	0.00018339854176981798	0.692437
K	M	2	ENSP00000493376	.	.	.	.	.	.	.	.	.	.	.	.	0.2611258	.	.	.	.	.	.	.	.	.	.	0.259774	1.847991	1.235645	0.7011561476800141	0.66401	.	.	0.00018339854176981798	0.692437
K	N	2	ENSP00000493376	.	.	.	.	.	.	.	.	.	.	.	.	0.16039139	.	.	.	.	.	.	.	.	.	.	0.248975	1.33639	0.589062	0.6237440771210045	0.2509	.	.	8.38723289885348e-06	0.206807
K	N	2	ENSP00000493376	.	.	.	.	.	.	.	.	.	.	.	.	0.1599764	.	.	.	.	.	.	.	.	.	.	0.248975	1.324232	0.599262	0.5252736444573489	0.28339000000000003	.	.	8.38723289885348e-06	0.206807
K	Q	3	ENSP00000493376	.	.	.	.	.	.	.	.	.	.	.	.	0.17837828	.	.	.	.	.	.	.	.	.	.	0.275872	1.545987	0.9336969999999999	0.690974165390843	0.30791999999999997	.	.	8.16104340773764e-06	0.206807
K	E	3	ENSP00000493376	.	.	.	.	.	.	.	.	.	.	.	.	0.17930904	.	.	.	.	.	.	.	.	.	.	0.226477	1.575654	0.95624	0.7053533532707545	0.0118	.	.	8.16104340773764e-06	0.206807
K	X	3	ENSP00000493376	.	.	.	.	.	.	.	.	.	.	.	.	.	.	.	.	.	.	.	.	.	.	.	.	1.5325010000000001	0.940724	0.6196913831480912	0.29965	.	.	8.16104340773764e-06	0.206807
K	T	3	ENSP00000493376	.	.	.	.	.	.	.	.	.	.	.	.	0.25564706	.	.	.	.	.	.	.	.	.	.	0.286771	1.967701	1.2238040000000001	0.7336211239234413	0.84598	.	.	0.00018339854176981798	0.692437
K	R	3	ENSP00000493376	.	.	.	.	.	.	.	.	.	.	.	.	0.2568565	.	.	.	.	.	.	.	.	.	.	0.249275	1.997369	1.246348	0.7638466016632229	0.83499	.	.	0.00018339854176981798	0.692437
K	M	3	ENSP00000493376	.	.	.	.	.	.	.	.	.	.	.	.	0.2550999	.	.	.	.	.	.	.	.	.	.	0.256074	1.954215	1.230832	0.696595456787316	0.84215	.	.	0.00018339854176981798	0.692437
K	N	3	ENSP00000493376	.	.	.	.	.	.	.	.	.	.	.	.	0.2606905	.	.	.	.	.	.	.	.	.	.	0.244976	1.856456	1.08322	0.6023266815351419	0.5927899999999999	.	.	2.8248881259130897e-05	0.206807
K	N	3	ENSP00000493376	.	.	.	.	.	.	.	.	.	.	.	.	0.26015148	.	.	.	.	.	.	.	.	.	.	0.244976	1.844298	1.0934190000000001	0.5326418152169308	0.45283999999999996	.	.	2.8248881259130897e-05	0.206807
.	.	-1	ENSP00000493376	.	.	.	.	.	.	.	.	.	.	.	.	.	.	.	.	.	.	.	.	.	.	.	.	1.874337	1.126314	0.5405129130272162	0.74035	.	.	2.00077178672686e-05	0.206807
.	.	-1	ENSP00000493376	.	.	.	.	.	.	.	.	.	.	.	.	.	.	.	.	.	.	.	.	.	.	.	.	1.8376419999999998	1.06639	0.5903667290890131	0.77545	.	.	2.00077178672686e-05	0.206807
.	.	-1	ENSP00000493376	.	.	.	.	.	.	.	.	.	.	.	.	.	.	.	.	.	.	.	.	.	.	.	.	1.825484	1.07659	0.5342672982727019	0.72955	.	.	2.00077178672686e-05	0.206807
.	.	-1	ENSP00000493376	.	.	.	.	.	.	.	.	.	.	.	.	.	.	.	.	.	.	.	.	.	.	.	.	1.8398580000000002	1.236014	0.6963672708371912	0.71521	.	.	0.00018339854176981798	0.692437
.	.	-1	ENSP00000493376	.	.	.	.	.	.	.	.	.	.	.	.	.	.	.	.	.	.	.	.	.	.	.	.	1.8882709999999998	1.252305	0.7659625413848371	0.71572	.	.	0.00018339854176981798	0.692437
.	.	-1	ENSP00000493376	.	.	.	.	.	.	.	.	.	.	.	.	.	.	.	.	.	.	.	.	.	.	.	.	1.856866	1.227892	0.7312775681899562	0.74744	.	.	0.00018339854176981798	0.692437
.	.	-1	ENSP00000493376	.	.	.	.	.	.	.	.	.	.	.	.	.	.	.	.	.	.	.	.	.	.	.	.	1.105025	0.386282	0.7004588449415137	0.029660000000000002	.	-0.50637679040916	1.27886862915089e-06	0.134517
.	.	-1	ENSP00000493376	.	.	.	.	.	.	.	.	.	.	.	.	.	.	.	.	.	.	.	.	.	.	.	.	1.134692	0.408825	0.7289209610275235	0.02325	.	-0.50637679040916	1.27886862915089e-06	0.134517
.	.	-1	ENSP00000493376	.	.	.	.	.	.	.	.	.	.	.	.	.	.	.	.	.	.	.	.	.	.	.	.	1.091539	0.393309	0.7923193966995085	0.0118	.	-0.50637679040916	1.27886862915089e-06	0.134517
.	.	-1	ENSP00000493376	.	.	.	.	.	.	.	.	.	.	.	.	.	.	.	.	.	.	.	.	.	.	.	.	1.125469	0.39215300000000003	0.7942159980983885	0.01656	.	-0.431741943745104	2.14840262499982e-06	0.134517
.	.	-1	ENSP00000493376	.	.	.	.	.	.	.	.	.	.	.	.	.	.	.	.	.	.	.	.	.	.	.	.	1.088774	0.332229	0.6593510576024265	0.02812	.	-0.431741943745104	2.14840262499982e-06	0.134517
.	.	-1	ENSP00000493376	.	.	.	.	.	.	.	.	.	.	.	.	.	.	.	.	.	.	.	.	.	.	.	.	1.076616	0.342429	0.739695011359573	0.00642	.	-0.431741943745104	2.14840262499982e-06	0.134517
V	I	4	ENSP00000493376	.	.	.	.	.	.	.	.	.	.	-0.8394	0.1276	0.17934227	.	.	.	.	.	.	.	.	.	.	0.264874	1.081517	0.36988000000000004	0.7945467416491805	0.00212	.	-0.443414217162323	1.99651495748452e-06	0.134517
V	L	4	ENSP00000493376	.	.	.	.	.	.	.	.	.	.	-0.8394	0.1276	0.19892606	.	.	.	.	.	.	.	.	.	.	0.278472	1.044822	0.30995700000000004	0.6521975649960866	0.01566	.	-0.443414217162323	1.99651495748452e-06	0.134517
V	L	4	ENSP00000493376	.	.	.	.	.	.	.	.	.	.	-0.8394	0.1276	0.17992517	.	.	.	.	.	.	.	.	.	.	0.278472	1.032664	0.320156	0.7391294842372557	0.00843	.	-0.443414217162323	1.99651495748452e-06	0.134517
V	E	4	ENSP00000493376	.	.	.	.	.	.	.	.	.	.	-0.9403	0.0896	0.12761506	.	.	.	.	.	.	.	.	.	.	0.190881	0.582095	0.25854299999999997	0.8061134384589059	0.00658	.	-0.605319652430163	1.18883134990524e-06	0.134517
V	A	4	ENSP00000493376	.	.	.	.	.	.	.	.	.	.	-1.0036	0.0600	0.109229654	.	.	.	.	.	.	.	.	.	.	0.174383	0.630509	0.274834	0.7582159515810146	0.01461	.	-0.678065776096869	1.18883134990524e-06	0.134517
V	G	4	ENSP00000493376	.	.	.	.	.	.	.	.	.	.	-0.9457	0.0884	0.120031506	.	.	.	.	.	.	.	.	.	.	0.127787	0.599104	0.250422	0.730594663521618	0.017130000000000003	.	-0.607524080420063	1.18883134990524e-06	0.134517
T	P	5	ENSP00000493376	.	.	.	.	.	.	.	.	.	.	-0.7588	0.1595	0.13100377	.	.	.	.	.	.	.	.	.	.	0.154485	0.5048239999999999	0.406019	0.7451851819323047	0.02625	.	-0.470194716649939	2.83409934327369e-06	0.134517
T	A	5	ENSP00000493376	.	.	.	.	.	.	.	.	.	.	-0.9550	0.0922	0.12032297	.	.	.	.	.	.	.	.	.	.	0.178782	0.5344909999999999	0.428563	0.7751557477666414	0.00665	.	-0.540736412326745	2.83409934327369e-06	0.134517
T	S	5	ENSP00000493376	.	.	.	.	.	.	.	.	.	.	-0.9592	0.0890	0.12430695	.	.	.	.	.	.	.	.	.	.	0.154385	0.491338	0.41304700000000005	0.8154468062529651	0.008709999999999999	.	-0.542940840316645	2.83409934327369e-06	0.134517
T	N	5	ENSP00000493376	.	.	.	.	.	.	.	.	.	.	-0.9411	0.0981	0.1389547	.	.	.	.	.	.	.	.	.	.	0.238676	0.16514	0.274356	0.7041324669297058	0.024630000000000003	.	-0.510353834930665	1.46228680780668e-06	0.134517
T	S	5	ENSP00000493376	.	.	.	.	.	.	.	.	.	.	-0.9965	0.0639	0.13204381	.	.	.	.	.	.	.	.	.	.	0.154385	0.182392	0.263806	0.5973515645181237	0.03681	.	-0.55885125070847	1.46228680780668e-06	0.134517
T	I	5	ENSP00000493376	.	.	.	.	.	.	.	.	.	.	-0.9963	0.0641	0.13236502	.	.	.	.	.	.	.	.	.	.	0.248975	0.22466399999999997	0.32252600000000003	0.7798381544921715	0.0070599999999999994	.	-0.556646822718569	1.46228680780668e-06	0.134517
A	T	6	ENSP00000493376	.	.	.	.	.	.	.	.	.	.	-0.9594	0.0646	0.123737544	.	.	.	.	.	.	.	.	.	.	0.246775	0.085863	-0.045877999999999995	0.518786365829233	0.00663	.	-0.810125942497719	1.7305757542842098e-06	0.134517
A	P	6	ENSP00000493376	.	.	.	.	.	.	.	.	.	.	-0.9156	0.1040	0.13324639	.	.	.	.	.	.	.	.	.	.	0.237876	0.049168	-0.105802	0.3617094997405553	0.03065	.	-0.759424098730015	1.7305757542842098e-06	0.134517
A	S	6	ENSP00000493376	.	.	.	.	.	.	.	.	.	.	-0.9589	0.0608	0.1257397	.	.	.	.	.	.	.	.	.	.	0.214479	0.03701	-0.09560199999999999	0.3846853693107533	0.00798	.	-0.82114808244722	1.7305757542842098e-06	0.134517
A	E	6	ENSP00000493376	.	.	.	.	.	.	.	.	.	.	-1.0091	0.0435	0.12065616	.	.	.	.	.	.	.	.	.	.	0.19598	0.047467	-0.380655	0.4350325403570605	0.0124	.	-1.17063987912532	2.43430200116371e-06	0.134517
A	G	6	ENSP00000493376	.	.	.	.	.	.	.	.	.	.	-1.0098	0.0469	0.12087327	.	.	.	.	.	.	.	.	.	.	0.228477	0.064719	-0.391206	0.4378271973810872	0.02084	.	-1.15961773917582	2.43430200116371e-06	0.134517
A	V	6	ENSP00000493376	.	.	.	.	.	.	.	.	.	.	-1.0064	0.0372	0.116393685	.	.	.	.	.	.	.	.	.	.	0.283072	0.106991	-0.332485	0.6769390441406301	0.01087	.	-1.19709301500412	2.43430200116371e-06	0.134517
E	K	7	ENSP00000493376	.	.	.	.	.	.	.	.	.	.	-1.0046	0.0610	0.14442939	.	.	.	.	.	.	.	.	.	.	0.353365	0.455513	0.038314999999999995	0.4134689948890009	0.02394	.	-0.677744554759794	1.0981533732571e-06	0.134517
E	Q	7	ENSP00000493376	.	.	.	.	.	.	.	.	.	.	-1.0024	0.0655	0.15177602	.	.	.	.	.	.	.	.	.	.	0.273273	0.418818	-0.021608000000000002	0.2817094318904229	0.041960000000000004	.	-0.664517986820393	1.0981533732571e-06	0.134517
E	X	7	ENSP00000493376	.	.	.	.	.	.	.	.	.	.	.	.	.	.	.	.	.	.	.	.	.	.	.	.	0.40665999999999997	-0.011409	0.2952642792172965	0.06405	.	-0.677744554759794	1.0981533732571e-06	0.134517
E	A	7	ENSP00000493376	.	.	.	.	.	.	.	.	.	.	-0.9351	0.0949	0.10335907	.	.	.	.	.	.	.	.	.	.	0.246775	0.260443	-0.252818	0.3024455241387067	0.01551	.	-1.16220089328522	1.4039041039705799e-06	0.134517
E	G	7	ENSP00000493376	.	.	.	.	.	.	.	.	.	.	-0.9094	0.1098	0.11969417	.	.	.	.	.	.	.	.	.	.	0.19898	0.290111	-0.23027399999999998	0.24675866733355076	0.008140000000000001	.	-1.13574775740642	1.4039041039705799e-06	0.134517
E	V	7	ENSP00000493376	.	.	.	.	.	.	.	.	.	.	-0.8665	0.1262	0.12088218	.	.	.	.	.	.	.	.	.	.	0.221078	0.246957	-0.24579	0.2199079088974162	0.029689999999999998	.	-1.11370347750742	1.4039041039705799e-06	0.134517
E	D	7	ENSP00000493376	.	.	.	.	.	.	.	.	.	.	-0.9956	0.0531	0.12909514	.	.	.	.	.	.	.	.	.	.	0.20278	0.021462000000000002	-0.298059	0.4412920917401679	0.015580000000000002	.	-1.06648939898667	2.06755868957914e-06	0.134517
E	D	7	ENSP00000493376	.	.	.	.	.	.	.	.	.	.	-0.9956	0.0531	0.12917829	.	.	.	.	.	.	.	.	.	.	0.20278	0.009304	-0.28786	0.4317853912246043	0.02478	.	-1.06648939898667	2.06755868957914e-06	0.134517
A	T	8	ENSP00000493376	.	.	.	.	.	.	.	.	.	.	-0.9906	0.0442	0.11189756	.	.	.	.	.	.	.	.	.	.	0.242976	-0.23253800000000002	0.10247200000000001	0.592373642877885	0.0048200000000000005	.	-0.772117980129418	1.72066578179621e-06	0.134517
A	P	8	ENSP00000493376	.	.	.	.	.	.	.	.	.	.	-0.9816	0.0776	0.128734	.	.	.	.	.	.	.	.	.	.	0.235476	-0.269233	0.042549000000000003	0.4236124388797381	0.04969	.	-0.670714292594009	1.72066578179621e-06	0.134517
A	S	8	ENSP00000493376	.	.	.	.	.	.	.	.	.	.	-0.9891	0.0400	0.11007613	.	.	.	.	.	.	.	.	.	.	0.209679	-0.281391	0.052748	0.4626497461858231	0.03483	.	-0.79195783203852	1.72066578179621e-06	0.134517
A	D	8	ENSP00000493376	.	.	.	.	.	.	.	.	.	.	-0.9934	0.0243	0.10675204	.	.	.	.	.	.	.	.	.	.	0.190881	-0.008459999999999999	-0.172903	0.4179381914175285	0.01082	.	-0.935226647806413	1.59052746551865e-05	0.134517
A	G	8	ENSP00000493376	.	.	.	.	.	.	.	.	.	.	-1.0092	0.0359	0.12018296	.	.	.	.	.	.	.	.	.	.	0.225777	0.008792	-0.183454	0.39206061970384254	0.0364	.	-0.897751371978109	1.59052746551865e-05	0.134517
A	V	8	ENSP00000493376	.	.	.	.	.	.	.	.	.	.	-1.0081	0.0332	0.10901624	.	.	.	.	.	.	.	.	.	.	0.279972	0.051064	-0.124733	0.5508311753884866	0.01754	.	-0.91097793991751	1.59052746551865e-05	0.134517
I	L	9	ENSP00000493376	.	.	.	.	.	.	.	.	.	.	-0.9689	0.0646	0.09617576	.	.	.	.	.	.	.	.	.	.	0.226077	0.008454000000000001	-0.008888	0.6244809884449645	0.02998	.	-0.958764333389629	1.28573458582951e-06	0.134517
I	V	9	ENSP00000493376	.	.	.	.	.	.	.	.	.	.	-0.9692	0.0549	0.09280869	.	.	.	.	.	.	.	.	.	.	0.256974	0.039762	0.015123	0.6243297159263342	0.016069999999999997	.	-0.987421897258332	1.28573458582951e-06	0.134517
I	F	9	ENSP00000493376	.	.	.	.	.	.	.	.	.	.	-0.9355	0.1036	0.11898792	.	.	.	.	.	.	.	.	.	.	0.284272	-0.009484999999999999	-0.005845	0.4924009612589907	0.026010000000000002	.	-0.903653633642125	1.28573458582951e-06	0.134517
I	N	9	ENSP00000493376	.	.	.	.	.	.	.	.	.	.	-0.9624	0.0766	0.1407525	.	.	.	.	.	.	.	.	.	.	0.357564	0.342558	0.029776	0.6537419414520341	0.00968	.	-0.795030874617057	2.47254919312603e-06	0.148107
I	T	9	ENSP00000493376	.	.	.	.	.	.	.	.	.	.	-0.9675	0.0750	0.14547372	.	.	.	.	.	.	.	.	.	.	0.30087	0.396831	0.05131	0.6060031094442013	0.00758	.	-0.803848586576658	2.47254919312603e-06	0.148107
I	S	9	ENSP00000493376	.	.	.	.	.	.	.	.	.	.	-0.9880	0.0606	0.13682565	.	.	.	.	.	.	.	.	.	.	0.310469	0.36601100000000003	0.027422000000000002	0.5245581723675268	0.01103	.	-0.836915006425161	2.47254919312603e-06	0.148107
I	M	9	ENSP00000493376	.	.	.	.	.	.	.	.	.	.	-0.9347	0.0878	0.19833604	.	.	.	.	.	.	.	.	.	.	0.265573	0.44649099999999997	0.020777	0.6524540533417656	0.01466	.	-0.743396578186406	3.5052195252430395e-06	0.148107
S	T	10	ENSP00000493376	.	.	.	.	.	.	.	.	.	.	-0.9845	0.0693	0.15760905	.	.	.	.	.	.	.	.	.	.	0.222578	0.55205	0.39824899999999996	0.7324647037274826	0.00547	.	-0.526614832652792	1.1993071264522899e-06	0.183686
S	P	10	ENSP00000493376	.	.	.	.	.	.	.	.	.	.	-0.9098	0.1089	0.1653324	.	.	.	.	.	.	.	.	.	.	0.236176	0.617237	0.425025	0.51264731520536	0.008159999999999999	.	-0.482526272854789	1.1993071264522899e-06	0.183686
S	A	10	ENSP00000493376	.	.	.	.	.	.	.	.	.	.	-0.9910	0.0586	0.16117	.	.	.	.	.	.	.	.	.	.	0.153985	0.581498	0.40061199999999997	0.4925635602009065	0.00742	.	-0.557476824511395	1.1993071264522899e-06	0.183686
S	Y	10	ENSP00000493376	.	.	.	.	.	.	.	.	.	.	-0.9709	0.0304	0.13071823	.	.	.	.	.	.	.	.	.	.	0.333767	0.193347	0.37904899999999997	0.611909645124897	0.037939999999999995	.	-0.720526250567377	1.45588305688115e-06	0.183686
S	C	10	ENSP00000493376	.	.	.	.	.	.	.	.	.	.	-0.9184	0.1129	0.16798562	.	.	.	.	.	.	.	.	.	.	0.281072	0.126208	0.358014	0.6976517456291139	0.03267	.	-0.539763155395562	1.45588305688115e-06	0.183686
S	F	10	ENSP00000493376	.	.	.	.	.	.	.	.	.	.	-0.9926	0.0476	0.1401872	.	.	.	.	.	.	.	.	.	.	0.343766	0.236225	0.42722	0.6515780555492	0.00951	.	-0.658802266850172	1.45588305688115e-06	0.183686
W	R	11	ENSP00000493376	.	.	.	.	.	.	.	.	.	.	-0.9888	0.0714	0.16555697	.	.	.	.	.	.	.	.	.	.	0.181682	0.9242959999999999	0.629495	0.64828071627881	0.0298	.	-0.434253418225616	1.2024432122339399e-06	0.183686
W	R	11	ENSP00000493376	.	.	.	.	.	.	.	.	.	.	-0.9888	0.0714	0.1724594	.	.	.	.	.	.	.	.	.	.	0.181682	0.9728680000000001	0.648513	0.5242656273696018	0.05935	.	-0.434253418225616	1.2024432122339399e-06	0.183686
W	G	11	ENSP00000493376	.	.	.	.	.	.	.	.	.	.	-0.9838	0.0753	0.17624062	.	.	.	.	.	.	.	.	.	.	0.217578	0.9478639999999999	0.623366	0.5053683291691744	0.047869999999999996	.	-0.427640134255916	1.2024432122339399e-06	0.183686
W	X	11	ENSP00000493376	.	.	.	.	.	.	.	.	.	.	.	.	.	.	.	.	.	.	.	.	.	.	.	.	0.8941530000000001	0.611789	0.631476058484383	0.01661	.	-0.396861363273573	1.9854020947902697e-06	0.183686
W	S	11	ENSP00000493376	.	.	.	.	.	.	.	.	.	.	-0.9408	0.0987	0.17521638	.	.	.	.	.	.	.	.	.	.	0.243476	0.8357870000000001	0.5441060000000001	0.5578246463262838	0.031689999999999996	.	-0.401270219253374	1.9854020947902697e-06	0.183686
W	L	11	ENSP00000493376	.	.	.	.	.	.	.	.	.	.	-0.9940	0.0687	0.15181726	.	.	.	.	.	.	.	.	.	.	0.312569	0.8383879999999999	0.559758	0.5820660770681784	0.00995	.	-0.460789774980679	1.9854020947902697e-06	0.183686
W	X	11	ENSP00000493376	.	.	.	.	.	.	.	.	.	.	.	.	.	.	.	.	.	.	.	.	.	.	.	.	0.9922280000000001	0.5900770000000001	0.6238742268484676	0.01586	.	-0.412981491824621	1.2715304187875499e-06	0.183686
W	C	11	ENSP00000493376	.	.	.	.	.	.	.	.	.	.	-0.9756	0.0796	0.15356717	.	.	.	.	.	.	.	.	.	.	0.412859	0.941649	0.519668	0.5976069231260331	0.013269999999999999	.	-0.362279648056917	1.2715304187875499e-06	0.183686
W	C	11	ENSP00000493376	.	.	.	.	.	.	.	.	.	.	-0.9756	0.0796	0.15479511	.	.	.	.	.	.	.	.	.	.	0.412859	0.958541	0.540353	0.5698309187449846	0.01369	.	-0.362279648056917	1.2715304187875499e-06	0.183686
N	H	12	ENSP00000493376	.	.	.	.	.	.	.	.	.	.	-0.9205	0.1066	0.16180244	.	.	.	.	.	.	.	.	.	.	0.280472	1.011596	0.9018639999999999	0.39307946165302016	0.07279	.	-0.371509745676781	1.31295224967031e-06	0.183686
N	D	12	ENSP00000493376	.	.	.	.	.	.	.	.	.	.	-0.9687	0.0837	0.14948633	.	.	.	.	.	.	.	.	.	.	0.262774	1.037652	0.924407	0.4303261357502722	0.04654	.	-0.386940741606082	1.31295224967031e-06	0.183686
N	Y	12	ENSP00000493376	.	.	.	.	.	.	.	.	.	.	-0.9814	0.0776	0.15182841	.	.	.	.	.	.	.	.	.	.	0.256974	0.9979469999999999	0.8984059999999999	0.4961437751921277	0.04537	.	-0.397962881555583	1.31295224967031e-06	0.183686
N	T	12	ENSP00000493376	.	.	.	.	.	.	.	.	.	.	-0.9676	0.0859	0.13006267	.	.	.	.	.	.	.	.	.	.	0.254375	1.1110010000000001	1.018559	0.4227524399317863	0.05417999999999999	.	-0.445208592782386	4.39675735523521e-06	0.258984
N	S	12	ENSP00000493376	.	.	.	.	.	.	.	.	.	.	-0.8435	0.1278	0.16150749	.	.	.	.	.	.	.	.	.	.	0.378962	1.140668	1.041102	0.4541310357937973	0.03967	.	-0.37025804112578	4.39675735523521e-06	0.258984
N	I	12	ENSP00000493376	.	.	.	.	.	.	.	.	.	.	-0.6957	0.1722	0.14508322	.	.	.	.	.	.	.	.	.	.	0.320768	1.087241	1.015101	0.4972719907108738	0.05235	.	-0.343804905246977	4.39675735523521e-06	0.258984
N	K	12	ENSP00000493376	.	.	.	.	.	.	.	.	.	.	-0.7354	0.1627	0.14585477	.	.	.	.	.	.	.	.	.	.	0.259474	0.945225	1.123959	0.530425402675828	0.14076	.	-0.349597901648279	7.32733848761447e-05	0.740637
N	K	12	ENSP00000493376	.	.	.	.	.	.	.	.	.	.	-0.7354	0.1627	0.25361222	.	.	.	.	.	.	.	.	.	.	0.259474	0.965749	1.118983	0.5181511705805266	0.18288	.	-0.349597901648279	7.32733848761447e-05	0.740637
E	K	13	ENSP00000493376	.	.	.	.	.	.	.	.	.	.	-0.7602	0.1571	0.13274634	.	.	.	.	.	.	.	.	.	.	0.359864	0.7965810000000001	0.990185	0.5513070165332186	0.14599	.	-0.347554253589739	5.25774811218973e-06	0.258984
E	Q	13	ENSP00000493376	.	.	.	.	.	.	.	.	.	.	-0.5168	0.2059	0.44879496	.	.	.	.	.	.	.	.	.	.	0.285571	0.7593439999999999	0.9362379999999999	0.4257919166567446	0.2064	.	-0.292443553842234	5.25774811218973e-06	0.258984
E	X	13	ENSP00000493376	.	.	.	.	.	.	.	.	.	.	.	.	.	.	.	.	.	.	.	.	.	.	.	.	0.756983	0.944865	0.4492304607618108	0.11101	.	-0.347554253589739	5.25774811218973e-06	0.258984
E	A	13	ENSP00000493376	.	.	.	.	.	.	.	.	.	.	-0.9428	0.0897	0.13195133	.	.	.	.	.	.	.	.	.	.	0.279572	0.948204	0.838828	0.4328606268542067	0.05297	.	-0.502392761791345	1.24185459888785e-06	0.258984
E	G	13	ENSP00000493376	.	.	.	.	.	.	.	.	.	.	-0.9425	0.0895	0.12971288	.	.	.	.	.	.	.	.	.	.	0.246775	0.973089	0.860323	0.44183925430956295	0.03636	.	-0.500188333801445	1.24185459888785e-06	0.258984
E	V	13	ENSP00000493376	.	.	.	.	.	.	.	.	.	.	-0.9369	0.0907	0.13094518	.	.	.	.	.	.	.	.	.	.	0.252075	0.9437549999999999	0.84554	0.4498409772864757	0.09305	.	-0.497983905811545	1.24185459888785e-06	0.258984
E	D	13	ENSP00000493376	.	.	.	.	.	.	.	.	.	.	-0.8426	0.1284	0.12952805	.	.	.	.	.	.	.	.	.	.	0.249775	0.925892	0.8766889999999999	0.4005375059241624	0.07717	.	-0.379535334911631	2.16967380460998e-06	0.258984
E	D	13	ENSP00000493376	.	.	.	.	.	.	.	.	.	.	-0.8426	0.1284	0.14504126	.	.	.	.	.	.	.	.	.	.	0.249775	0.910962	0.883716	0.468928499176522	0.09508	.	-0.379535334911631	2.16967380460998e-06	0.258984
S	T	14	ENSP00000493376	.	.	.	.	.	.	.	.	.	.	-0.9804	0.0767	0.12457603	.	.	.	.	.	.	.	.	.	.	0.237776	0.790796	0.711288	0.4807789068646427	0.03636	.	-0.571393509552275	1.1121716127262501e-06	0.258984
S	P	14	ENSP00000493376	.	.	.	.	.	.	.	.	.	.	-0.9618	0.0836	0.12791973	.	.	.	.	.	.	.	.	.	.	0.268373	0.839931	0.727579	0.4175907555078093	0.04104	.	-0.553758085633073	1.1121716127262501e-06	0.258984
S	A	14	ENSP00000493376	.	.	.	.	.	.	.	.	.	.	-0.9776	0.0776	0.12746161	.	.	.	.	.	.	.	.	.	.	0.178482	0.803471	0.703167	0.4064133958242876	0.08301	.	-0.566984653572474	1.1121716127262501e-06	0.258984
S	X	14	ENSP00000493376	.	.	.	.	.	.	.	.	.	.	.	.	.	.	.	.	.	.	.	.	.	.	.	.	0.8565809999999999	0.7172149999999999	0.4925883830880167	0.08162	.	-0.62945653017567	2.4007292068528e-06	0.258984
S	X	14	ENSP00000493376	.	.	.	.	.	.	.	.	.	.	.	.	.	.	.	.	.	.	.	.	.	.	.	.	0.863	0.7066640000000001	0.4212832901981149	0.10820999999999999	.	-0.450897862993754	2.4007292068528e-06	0.258984
S	L	14	ENSP00000493376	.	.	.	.	.	.	.	.	.	.	-0.7293	0.1621	0.20032465	.	.	.	.	.	.	.	.	.	.	0.484852	0.9204389999999999	0.765385	0.5453599567775137	0.06892999999999999	.	-0.450897862993754	2.4007292068528e-06	0.258984
T	P	15	ENSP00000493376	.	.	.	.	.	.	.	.	.	.	-0.8580	0.1274	0.11882126	.	.	.	.	.	.	.	.	.	.	0.145485	0.32298699999999997	0.41804300000000005	0.3612869765186623	0.046380000000000005	.	-0.614319330861963	1.12612776536261e-06	0.202024
T	A	15	ENSP00000493376	.	.	.	.	.	.	.	.	.	.	-0.8580	0.1274	0.118603855	.	.	.	.	.	.	.	.	.	.	0.166583	0.352655	0.440586	0.363813575074244	0.03246	.	-0.614319330861963	1.12612776536261e-06	0.202024
T	S	15	ENSP00000493376	.	.	.	.	.	.	.	.	.	.	-0.8618	0.1271	0.11914569	.	.	.	.	.	.	.	.	.	.	0.129287	0.303001	0.42507	0.4050791900035623	0.04691	.	-0.616523758851863	1.12612776536261e-06	0.202024
T	K	15	ENSP00000493376	.	.	.	.	.	.	.	.	.	.	-0.9717	0.0649	0.12752369	.	.	.	.	.	.	.	.	.	.	0.178882	-0.19454100000000002	-0.007673	0.455812535427334	0.01913	.	-0.898044327084379	1.53469566914461e-06	0.202024
T	R	15	ENSP00000493376	.	.	.	.	.	.	.	.	.	.	-0.9717	0.0649	0.12751868	.	.	.	.	.	.	.	.	.	.	0.231377	-0.193899	-0.018224	0.4618340479818474	0.022680000000000002	.	-0.898044327084379	1.53469566914461e-06	0.202024
T	M	15	ENSP00000493376	.	.	.	.	.	.	.	.	.	.	-0.9963	0.0195	0.08280033	.	.	.	.	.	.	.	.	.	.	0.282772	-0.13285	0.040497000000000005	0.5438164091636553	0.00251	.	-1.1162826980845	1.53469566914461e-06	0.202024
S	R	16	ENSP00000493376	.	.	.	.	.	.	.	.	.	.	-0.8870	0.1209	0.12612647	.	.	.	.	.	.	.	.	.	.	0.146785	0.292194	0.358173	0.40132773415504	0.031560000000000005	.	-0.666073591368543	1.5625211333636e-06	0.202024
S	G	16	ENSP00000493376	.	.	.	.	.	.	.	.	.	.	-0.9175	0.1115	0.12560606	.	.	.	.	.	.	.	.	.	.	0.122588	0.328361	0.380717	0.4130994408829369	0.02389	.	-0.681504587297844	1.5625211333636e-06	0.202024
S	C	16	ENSP00000493376	.	.	.	.	.	.	.	.	.	.	-0.8127	0.1408	0.13527372	.	.	.	.	.	.	.	.	.	.	0.151785	0.28015300000000004	0.365201	0.3899112940110919	0.0334	.	-0.639620455489741	1.5625211333636e-06	0.202024
S	N	16	ENSP00000493376	.	.	.	.	.	.	.	.	.	.	-0.8883	0.1126	0.13850412	.	.	.	.	.	.	.	.	.	.	0.122588	0.27244	0.5578069999999999	0.5133631232970991	0.01464	.	-0.591580876967597	9.87462038196237e-05	0.66194
S	T	16	ENSP00000493376	.	.	.	.	.	.	.	.	.	.	-0.5962	0.1892	0.15516868	.	.	.	.	.	.	.	.	.	.	0.112489	0.23574499999999998	0.497883	0.4323729349790302	0.05405	.	-0.523243609280691	9.87462038196237e-05	0.66194
S	I	16	ENSP00000493376	.	.	.	.	.	.	.	.	.	.	-0.5554	0.1975	0.15331835	.	.	.	.	.	.	.	.	.	.	0.154785	0.226476	0.508083	0.4485553058758781	0.08681	.	-0.516630325310991	9.87462038196237e-05	0.66194
S	R	16	ENSP00000493376	.	.	.	.	.	.	.	.	.	.	-0.8870	0.1210	0.12614718	.	.	.	.	.	.	.	.	.	.	0.146785	0.245585	0.34729899999999997	0.3633561331250201	0.04428	.	-0.680878949346954	1.2076430350243099e-06	0.147703
S	R	16	ENSP00000493376	.	.	.	.	.	.	.	.	.	.	-0.8870	0.1210	0.1260106	.	.	.	.	.	.	.	.	.	.	0.146785	0.265482	0.339177	0.3872914660638239	0.02982	.	-0.680878949346954	1.2076430350243099e-06	0.147703
E	K	17	ENSP00000493376	.	.	.	.	.	.	.	.	.	.	-0.9742	0.0403	0.10330856	.	.	.	.	.	.	.	.	.	.	0.320668	-0.016996	0.14716600000000002	0.5775427490405523	0.03252	.	-1.01342914940977	1.10030595115833e-06	0.147703
E	Q	17	ENSP00000493376	.	.	.	.	.	.	.	.	.	.	-0.9750	0.0566	0.109221786	.	.	.	.	.	.	.	.	.	.	0.249275	-0.05874600000000001	0.087242	0.44279521577638176	0.059579999999999994	.	-0.953909593682466	1.10030595115833e-06	0.147703
E	X	17	ENSP00000493376	.	.	.	.	.	.	.	.	.	.	.	.	.	.	.	.	.	.	.	.	.	.	.	.	-0.060071000000000006	0.097442	0.4476441649397879	0.043019999999999996	.	-1.01342914940977	1.10030595115833e-06	0.147703
E	A	17	ENSP00000493376	.	.	.	.	.	.	.	.	.	.	-1.0001	0.0480	0.13380933	.	.	.	.	.	.	.	.	.	.	0.240776	0.6846869999999999	0.449399	0.34877933445328885	0.062110000000000005	.	-0.685362824937114	1.52573024189951e-06	0.147703
E	G	17	ENSP00000493376	.	.	.	.	.	.	.	.	.	.	-0.9970	0.0617	0.13909557	.	.	.	.	.	.	.	.	.	.	0.193181	0.714354	0.47194200000000003	0.3459339640215533	0.03549	.	-0.64127426513911	1.52573024189951e-06	0.147703
E	V	17	ENSP00000493376	.	.	.	.	.	.	.	.	.	.	-0.9836	0.0766	0.14251468	.	.	.	.	.	.	.	.	.	.	0.194181	0.689978	0.456426	0.3602695636903033	0.11798	.	-0.603798989310807	1.52573024189951e-06	0.147703
E	D	17	ENSP00000493376	.	.	.	.	.	.	.	.	.	.	-0.9698	0.0758	0.114736855	.	.	.	.	.	.	.	.	.	.	0.19558	0.295707	0.385164	0.3903175575577063	0.04774	.	-0.756506071696024	1.59992713016575e-06	0.147703
E	D	17	ENSP00000493376	.	.	.	.	.	.	.	.	.	.	-0.9698	0.0758	0.10981864	.	.	.	.	.	.	.	.	.	.	0.19558	0.28727600000000003	0.392192	0.3945401937931269	0.05239	.	-0.756506071696024	1.59992713016575e-06	0.147703
T	P	18	ENSP00000493376	.	.	.	.	.	.	.	.	.	.	-0.8860	0.1216	0.13626263	.	.	.	.	.	.	.	.	.	.	0.0775922	0.379819	0.377628	0.3891414919522872	0.09493	.	-0.631206941891711	1.57728413647597e-06	0.147703
T	A	18	ENSP00000493376	.	.	.	.	.	.	.	.	.	.	-0.9680	0.0290	0.10188207	.	.	.	.	.	.	.	.	.	.	0.0962904	0.409486	0.400171	0.3894352678062965	0.05537	.	-0.836218744952428	1.57728413647597e-06	0.147703
T	S	18	ENSP00000493376	.	.	.	.	.	.	.	.	.	.	-0.9883	0.0640	0.11665824	.	.	.	.	.	.	.	.	.	.	0.0832917	0.366333	0.384655	0.39089021422816855	0.08803	.	-0.723792917467518	1.57728413647597e-06	0.147703
T	K	18	ENSP00000493376	.	.	.	.	.	.	.	.	.	.	-1.0100	0.0424	0.09316188	.	.	.	.	.	.	.	.	.	.	0.127387	0.09160900000000001	0.180056	0.420690695886682	0.02285	.	-0.797570316553032	1.11542601496444e-06	0.147703
T	R	18	ENSP00000493376	.	.	.	.	.	.	.	.	.	.	-1.0109	0.0457	0.09589371	.	.	.	.	.	.	.	.	.	.	0.147885	0.10958299999999999	0.169506	0.3971857757319824	0.027760000000000003	.	-0.786548176603531	1.11542601496444e-06	0.147703
T	M	18	ENSP00000493376	.	.	.	.	.	.	.	.	.	.	-0.9767	0.0799	0.10432795	.	.	.	.	.	.	.	.	.	.	0.205379	0.155467	0.228226	0.4623978471114058	0.015380000000000001	.	-0.722619764896426	1.11542601496444e-06	0.147703
N	H	19	ENSP00000493376	.	.	.	.	.	.	.	.	.	.	-0.5682	0.1973	0.17046821	.	.	.	.	.	.	.	.	.	.	0.433257	0.757074	0.48840900000000004	0.3876557621745092	0.4236	.	-0.329721439097884	2.79758184082358e-06	0.0895435
N	D	19	ENSP00000493376	.	.	.	.	.	.	.	.	.	.	-0.5791	0.1949	0.21601135	.	.	.	.	.	.	.	.	.	.	0.350365	0.7860189999999999	0.5109520000000001	0.38666289899323103	0.35757	.	-0.331925867087784	2.79758184082358e-06	0.0895435
N	Y	19	ENSP00000493376	.	.	.	.	.	.	.	.	.	.	-0.5682	0.1973	0.20403811	.	.	.	.	.	.	.	.	.	.	0.40126	0.752977	0.495436	0.3967540363876044	0.54266	.	-0.329721439097884	2.79758184082358e-06	0.0895435
N	T	19	ENSP00000493376	.	.	.	.	.	.	.	.	.	.	-0.5682	0.1973	0.2405149	.	.	.	.	.	.	.	.	.	.	0.419858	0.706666	0.639112	0.4403980462578113	0.75775	.	-0.287924676027313	2.68821140120423e-05	0.0895435
N	S	19	ENSP00000493376	.	.	.	.	.	.	.	.	.	.	-0.5682	0.1973	0.2400673	.	.	.	.	.	.	.	.	.	.	0.486851	0.7399439999999999	0.661655	0.4817433320676106	0.51677	.	-0.287924676027313	2.68821140120423e-05	0.0895435
N	I	19	ENSP00000493376	.	.	.	.	.	.	.	.	.	.	-0.5682	0.1973	0.25597435	.	.	.	.	.	.	.	.	.	.	0.481652	0.69968	0.646139	0.4630059543141318	0.61198	.	-0.287924676027313	2.68821140120423e-05	0.0895435
N	K	19	ENSP00000493376	.	.	.	.	.	.	.	.	.	.	-0.8130	0.1339	0.14670244	.	.	.	.	.	.	.	.	.	.	0.427357	0.468441	0.569054	0.42730648386274667	0.11735999999999999	.	-0.516722229331979	2.70334819273612e-06	0.0895435
N	K	19	ENSP00000493376	.	.	.	.	.	.	.	.	.	.	-0.8130	0.1339	0.14631915	.	.	.	.	.	.	.	.	.	.	0.427357	0.48545	0.560933	0.39668926940519456	0.22753	.	-0.516722229331979	2.70334819273612e-06	0.0895435
N	H	20	ENSP00000493376	.	.	.	.	.	.	.	.	.	.	-0.9849	0.0197	0.07490584	.	.	.	.	.	.	.	.	.	.	0.0323468	0.160529	0.09299199999999999	0.2714866748310192	0.01468	.	-1.2741346187425	1.3511165676974e-05	0.0895435
N	D	20	ENSP00000493376	.	.	.	.	.	.	.	.	.	.	-0.9805	0.0678	0.09651348	.	.	.	.	.	.	.	.	.	.	0.0272639	0.190197	0.11553499999999998	0.2513209315872793	0.025169999999999998	.	-1.09116709558079	1.3511165676974e-05	0.0895435
N	Y	20	ENSP00000493376	.	.	.	.	.	.	.	.	.	.	-0.9972	0.0376	0.08787328	.	.	.	.	.	.	.	.	.	.	0.0259974	0.150654	0.10001900000000001	0.2537901281717882	0.02086	.	-1.16391321924749	1.3511165676974e-05	0.0895435
N	T	20	ENSP00000493376	.	.	.	.	.	.	.	.	.	.	-0.9451	0.0879	0.12942633	.	.	.	.	.	.	.	.	.	.	0.0278972	0.825377	0.517346	0.3394395964363003	0.08666	.	-0.516113439090545	1.29945524563125e-06	0.0895435
N	S	20	ENSP00000493376	.	.	.	.	.	.	.	.	.	.	-0.9451	0.0879	0.13601944	.	.	.	.	.	.	.	.	.	.	0.0516948	0.8601	0.5398890000000001	0.3469477687909397	0.0681	.	-0.516113439090545	1.29945524563125e-06	0.0895435
N	I	20	ENSP00000493376	.	.	.	.	.	.	.	.	.	.	-0.9367	0.0911	0.12961331	.	.	.	.	.	.	.	.	.	.	0.0311969	0.811891	0.524373	0.3323054055799595	0.16554000000000002	.	-0.513909011100644	1.29945524563125e-06	0.0895435
N	K	20	ENSP00000493376	.	.	.	.	.	.	.	.	.	.	-0.9834	0.0758	0.075114906	.	.	.	.	.	.	.	.	.	.	0.0289971	0.339079	0.221084	0.2884739383831313	0.054079999999999996	.	-0.967596190943771	1.62202659010829e-06	0.0895435
N	K	20	ENSP00000493376	.	.	.	.	.	.	.	.	.	.	-0.9834	0.0758	0.074673384	.	.	.	.	.	.	.	.	.	.	0.0289971	0.351998	0.21053400000000003	0.24794748177841064	0.09326	.	-0.967596190943771	1.62202659010829e-06	0.0895435
S	T	21	ENSP00000493376	.	.	.	.	.	.	.	.	.	.	-0.8511	0.1263	0.23636341	.	.	.	.	.	.	.	.	.	.	0.410359	0.712427	0.7105229999999999	0.44905572287917933	0.14436	.	-0.513827782951047	1.9253853081267604e-05	0.0895435
S	P	21	ENSP00000493376	.	.	.	.	.	.	.	.	.	.	-0.5682	0.1973	0.2005035	.	.	.	.	.	.	.	.	.	.	0.427957	0.763729	0.7268140000000001	0.4671164627638477	0.20125	.	-0.456512655213642	1.9253853081267604e-05	0.0895435
S	A	21	ENSP00000493376	.	.	.	.	.	.	.	.	.	.	-0.5682	0.1973	0.24700469	.	.	.	.	.	.	.	.	.	.	0.470553	0.7294350000000001	0.7024020000000001	0.4068843465111172	0.13999	.	-0.456512655213642	1.9253853081267604e-05	0.0895435
S	Y	21	ENSP00000493376	.	.	.	.	.	.	.	.	.	.	-0.4339	0.2216	0.33202946	.	.	.	.	.	.	.	.	.	.	0.517348	0.6852560000000001	0.792101	0.5368150699380754	0.75805	.	-0.30225819494943	0.14175518113851598	0.664264
S	C	21	ENSP00000493376	.	.	.	.	.	.	.	.	.	.	-0.4339	0.2216	0.32609642	.	.	.	.	.	.	.	.	.	.	0.666933	0.695286	0.781551	0.5269105917465062	0.41023000000000004	.	-0.30225819494943	0.14175518113851598	0.664264
S	F	21	ENSP00000493376	.	.	.	.	.	.	.	.	.	.	-0.4339	0.2216	0.38837567	.	.	.	.	.	.	.	.	.	.	0.583942	0.743336	0.8402709999999999	0.5736105308543609	0.74316	.	-0.30225819494943	0.14175518113851598	0.664264
M	L	22;1	ENSP00000493376;ENSP00000334393	.;0.13	.;0.109	.;0.0	.;0.0	0.589091	.	.;.	.;6.76	.;-0.38	.;0.198	-0.9577	0.0009	0.2974746;0.49128225	0.007082	.;0.109	0.823	.;.	.;.	.	.;0.009792	-0.361008	-0.756339	0.0722438414657657	0.0684932;0.9	-0.144729	-0.519994	0.44378301154325933	0.020630000000000003	0.011693	-1.39413139690747	2.2163971633957002e-05	.
M	V	22;1	ENSP00000493376;ENSP00000334393	.;1.0	.;1.0	.;0.0	.;0.0	0.589091	.	.;.	.;6.76	.;0.71	.;0.102	-0.9620	0.0005	0.20860398;0.3913224	0.009964	.;0.133	0.813	.;0.197625483188	.;.	.	.;0.004352	-0.41629	-0.835748	0.0408461190417061	0.0767923;0.9	-0.8604809999999999	-1.3102850000000001	0.2638429489235741	0.00266	0.006337	-1.58812106001869	2.2163971633957002e-05	.
M	L	22;1	ENSP00000493376;ENSP00000334393	.;0.13	.;0.109	.;0.0	.;0.0	0.589091	.	.;.	.;6.76	.;-0.38	.;0.198	-0.9577	0.0009	0.29535747;0.48915914	0.007082	.;0.109	0.823	.;0.243398259712	.;.	.	.;0.009792	-0.361017	-0.756353	0.0598572379421533	0.0684932;0.9	-0.147108	-0.410729	0.4306451824867206	0.013340000000000001	0.007515	-1.39413139690747	2.2163971633957002e-05	.
M	K	22;1	ENSP00000493376;ENSP00000334393	.;0.0	.;0.0	.;0.0	.;0.001	0.589091	0.560214	.;.	.;6.75	.;-2.24	.;0.229	-1.0066	0.0016	0.46413073;0.63200426	0.003693	.;0.077	0.811	.;0.278143212241	.;.	.	.;0.022559	-0.275157	-0.63302	0.38129135966301	0.0740926;0.9	1.057876	0.931191	0.8146031316717045	0.13544	0.012443	-0.846288459134142	1.12726279254073e-06	.
M	T	22;1	ENSP00000493376;ENSP00000334393	.;0.001	.;0.001	.;0.0	.;0.0	0.589091	0.560214	.;.	.;6.74	.;-1.01	.;0.118	-1.0066	0.0016	0.3939432;0.5630377	0.003264	.;0.113	0.821	.;0.250039746154	.;.	.	.;0.01618	-0.369955	-0.769191	0.121829316020012	0.0568943;0.9	0.810446	0.5993689999999999	0.6346185973256034	0.07087	0.007615	-0.846586292922439	1.12726279254073e-06	.
M	R	22;1	ENSP00000493376;ENSP00000334393	.;0.0	.;0.0	.;0.001	.;0.003	0.589091	0.560214	.;.	.;6.78	.;-2.58	.;0.26	-1.0132	0.0013	0.5672957;0.707026	0.003694	.;0.083	0.83	.;0.27855597813	.;.	.	.;0.068485	-0.221859	-0.556462	0.373158395290375	0.0711929;0.9	0.9793719999999999	0.7368100000000001	0.7749012545817181	0.2271	0.013849	-0.845403555063959	1.12726279254073e-06	.
M	I	22;1	ENSP00000493376;ENSP00000334393	.;0.082	.;0.097	.;0.0	.;0.0	0.589091	0.635017	.;.	.;6.74	.;0.27	.;0.12	-1.0027	0.0016	0.4543946;0.5981562	0.001453	.;0.113	0.835	.;0.240491677333	.;.	.	.;0.007771	-0.359254	-0.75382	0.120825983583927	0.0649935;0.9	0.928369	0.157314	0.6263795271554156	0.2543	0.009264	-0.957641331924657	1.96827213218372e-06	.
M	I	22;1	ENSP00000493376;ENSP00000334393	.;0.082	.;0.097	.;0.0	.;0.0	0.589091	0.635017	.;.	.;6.74	.;0.27	.;0.12	-1.0027	0.0016	0.45241964;0.5963775	0.001447	.;0.117	0.835	.;0.240491677333	.;.	.	.;0.007771	-0.35924	-0.7538	0.0901794731616974	0.0649935;0.9	0.8725629999999999	-0.032052	0.6194424133604036	0.63027	0.013608	-0.957641331924657	1.96827213218372e-06	.
M	I	22;1	ENSP00000493376;ENSP00000334393	.;0.082	.;0.097	.;0.0	.;0.0	0.589091	0.635017	.;.	.;6.74	.;0.27	.;0.12	-1.0027	0.0016	0.45199475;0.5960113	0.001453	.;0.117	0.835	.;0.240491677333	.;.	.	.;0.007771	-0.359246	-0.753809	0.0901794731616974	0.0649935;0.9	0.8747370000000001	0.013422	0.6023852033695446	0.5055	0.011887	-0.957641331924657	1.96827213218372e-06	.
V	M	23;2	ENSP00000493376;ENSP00000334393	.;0.017	.;0.015	.;0.845	.;0.33	0.006632	1	.;2.86	.;5.57	.;-2.31	.;0.393	-0.9599	0.0058	0.6653623;0.6653623	0.005047	.;0.126	0.63	.;0.353548585375	.;2.7340307082	0.590256690979	.;0.073144	-0.190161	-0.51093	0.847848951816559	0.871513;0.515049	2.038769	1.2036930000000001	0.9945778890800347	0.51758	0.173796	-0.0350092743083239	1.42793187715804e-06	.
V	L	23;2	ENSP00000493376;ENSP00000334393	.;0.001	.;0.013	.;0.123	.;0.017	0.006632	1	.;2.3	.;5.64	.;-2.29	.;0.385	-0.9634	0.0051	0.45040894;0.45040894	0.005125	.;0.126	0.547	.;0.28722502521	.;2.29135628242	0.56863451004	.;0.06505	-0.206384	-0.534233	0.837138116359711	0.831917;0.443756	1.8183799999999999	0.973765	0.9520822605526088	0.27323000000000003	0.115473	-0.368096261113622	1.42793187715804e-06	.
V	L	23;2	ENSP00000493376;ENSP00000334393	.;0.001	.;0.013	.;0.123	.;0.017	0.006632	1	.;2.3	.;5.64	.;-2.29	.;0.385	-0.9634	0.0051	0.45559663;0.45559663	0.005125	.;0.126	0.547	.;0.28722502521	.;2.29135628242	0.56863451004	.;0.06505	-0.206379	-0.534225	0.837138116359711	0.831917;0.443756	1.81971	0.9952840000000001	0.9522886002048192	0.4844	0.130787	-0.368096261113622	1.42793187715804e-06	.
V	E	23;2	ENSP00000493376;ENSP00000334393	.;0.0	.;0.0	.;0.971	.;0.401	0.006632	0.999999	.;3.075	.;5.55	.;-5.06	.;0.681	-0.9687	0.0068	0.7662017;0.7662017	0.006004	.;0.114	0.632	.;0.564761482634	.;4.31666214769	0.573166966438	.;0.105239	-0.105116	-0.388768	0.995687663555145	0.886111;0.359964	2.390099	1.670223	0.977568317394884	0.7024199999999999	0.117282	0.132044201600164	2.24104463820639e-06	.
V	A	23;2	ENSP00000493376;ENSP00000334393	.;0.0	.;0.01	.;0.39	.;0.064	0.006632	1	.;2.56	.;5.57	.;-3.34	.;0.245	-0.9739	0.0052	0.66240454;0.66240454	0.004705	.;0.105	0.651	.;0.329540904979	.;3.3059382823	0.581349015236	.;0.093155	-0.191193	-0.512412	0.949582278728485	0.70273;0.345165	2.147417	1.3848129999999998	0.9523716943678558	0.60723	0.099402	-0.175970178168139	2.24104463820639e-06	.
V	G	23;2	ENSP00000493376;ENSP00000334393	.;0.0	.;0.0	.;0.917	.;0.312	0.006632	0.99733	.;2.805	.;5.55	.;-5.87	.;0.49	-0.9411	0.0055	0.80259454;0.80259454	0.006389	.;0.119	0.672	.;0.465721554213	.;3.50374879105	0.506420195103	.;0.105527	-0.116591	-0.405252	0.992888391017914	0.588241;0.260274	2.31353	1.536514	0.9878325991486628	0.5705600000000001	0.101062	0.0588819610920465	2.24104463820639e-06	.
T	P	24;3	ENSP00000493376;ENSP00000334393	.;0.015	.;0.013	.;0.442	.;0.137	0.092349	0.999449	.;1.54	.;4.4	.;-2.4	.;0.358	-0.9900	0.0094	0.21363106;0.21363106	0.00641	.;0.093	0.528	.;0.378148810121	.;2.071766814	0.474666565657	.;0.070977	-0.197702	-0.521762	0.212049543857574	0.564244;0.145485	1.456428	1.599926	0.9731116922239385	0.08462	0.132868	-0.429403148741513	2.56757211029382e-06	.
T	A	24;3	ENSP00000493376;ENSP00000334393	.;0.028	.;0.037	.;0.075	.;0.027	0.092349	0.999892	.;1.59	.;4.48	.;-0.86	.;0.117	-0.9953	0.0093	0.15334716;0.15334716	0.00507	.;0.024	0.503	.;0.314417295294	.;1.6646576861	0.46985822916	.;0.021283	-0.274749	-0.632434	0.120899349451065	0.679332;0.20118	1.283785	1.4480389999999999	0.9021717579857232	0.041460000000000004	0.039009	-0.590446073919631	2.56757211029382e-06	.
T	S	24;3	ENSP00000493376;ENSP00000334393	.;1.0	.;1.0	.;0.139	.;0.027	0.092349	0.999963	.;-0.335	.;4.46	.;0.95	.;0.097	-0.9120	0.0033	0.067762315;0.067762315	0.003016	.;0.040	0.495	.;0.277730125212	.;1.52357054751	0.46253234148	.;0.008068	-0.344732	-0.73296	0.065323513049406	0.59804;0.140186	0.054424	0.375081	0.6537335158298898	0.03826	0.029469	-1.00676404806354	2.56757211029382e-06	.
T	N	24;3	ENSP00000493376;ENSP00000334393	.;0.017	.;0.038	.;0.281	.;0.057	0.092349	0.998922	.;1.69	.;4.41	.;-0.76	.;0.146	-0.9998	0.0094	0.16203406;0.16203406	0.006359	.;0.035	0.491	.;0.344710718752	.;2.4503748086	0.522812366486	.;0.025131	-0.258787	-0.609506	0.338823974132538	0.759024;0.266073	1.791425	1.575724	0.9563643897837982	0.11433	0.031226	-0.446107434161024	3.67953376144889e-06	.
T	S	24;3	ENSP00000493376;ENSP00000334393	.;1.0	.;1.0	.;0.139	.;0.027	0.092349	0.999894	.;-0.335	.;4.46	.;0.95	.;0.097	-0.9131	0.0034	0.06388244;0.06388244	0.003746	.;0.052	0.495	.;0.292423486923	.;1.52357054751	0.46253234148	.;0.008068	-0.324019	-0.703207	0.0712897172649185	0.59804;0.140186	0.758727	0.5865229999999999	0.551153226920426	0.32295999999999997	0.072256	-0.937300439283904	3.67953376144889e-06	.
T	I	24;3	ENSP00000493376;ENSP00000334393	.;0.001	.;0.002	.;0.736	.;0.207	0.092349	0.998871	.;1.9	.;4.42	.;-2.61	.;0.126	-0.9828	0.0096	0.26525274;0.26525274	0.006793	.;0.073	0.615	.;0.416454006429	.;2.20945217804	0.562882900238	.;0.098316	-0.169425	-0.481144	0.857021450996399	0.690631;0.563244	1.972637	1.747121	0.9880098935422552	0.29381999999999997	0.059178	-0.248704565890229	3.67953376144889e-06	.
E	K	25;4	ENSP00000493376;ENSP00000334393	.;0.012	.;0.026	.;0.243	.;0.037	0.003072	0.998134	.;2.235	.;5.31	.;-3.12	.;0.148	-1.0053	0.0066	0.3182016;0.3182016	0.004798	.;0.094	0.639	.;0.480497669815	.;2.54765427674	0.513791561127	.;0.0854	-0.201721	-0.527535	0.950653672218323	0.909809;0.869413	2.208893	2.112666	0.9947341827773436	0.26955999999999997	0.056848	-0.18359891352741	4.82384815944569e-06	.
E	Q	25;4	ENSP00000493376;ENSP00000334393	.;0.015	.;0.016	.;0.02	.;0.003	0.003072	0.999581	.;2.675	.;5.3	.;-2.33	.;0.224	-1.0237	0.0076	0.2842546;0.2842546	0.002913	.;0.098	0.647	.;0.546780063783	.;2.37217947554	0.429691314697	.;0.082062	-0.245179	-0.589959	0.677629470825195	0.875312;0.79572	1.870369	1.709813	0.976600106889515	0.7215600000000001	0.135229	-0.236285573322197	4.82384815944569e-06	.
E	X	25;4	ENSP00000493376;ENSP00000334393	.;.	.;.	.;.	.;.	0.003072	1	.;.	.;.	.;.	.;0.035	.	.	.;.	.	.;.	.	.;.	.;.	.	.;.	0.504217	0.486496	.	.;.	4.28863	4.6467279999999995	0.9945393784258733	0.7783399999999999	0.050179	0.627178597433509	4.82384815944569e-06	.
E	A	25;4	ENSP00000493376;ENSP00000334393	.;0.002	.;0.01	.;0.39	.;0.037	0.003072	0.998688	.;2.6	.;5.31	.;-4.95	.;0.301	-0.9689	0.0065	0.38152236;0.38152236	0.004856	.;0.070	0.675	.;0.518038692251	.;2.47156410767	0.446608424187	.;0.105255	-0.181969	-0.499163	0.951631486415863	0.845915;0.774123	2.254475	1.913835	0.976873334222386	0.19004000000000001	0.036032	-0.11663777743238	2.0142287930426996e-06	.
E	G	25;4	ENSP00000493376;ENSP00000334393	.;0.005	.;0.0	.;0.608	.;0.077	0.003072	0.998424	.;2.225	.;5.3	.;-5.86	.;0.265	-0.9173	0.0048	0.34971094;0.34971094	0.005478	.;0.076	0.659	.;0.533325340949	.;2.4135721607	0.420048475266	.;0.096507	-0.252599	-0.600618	0.688156366348267	0.79822;0.716128	2.419107	2.0543080000000002	0.99260387251152	0.70636	0.131619	-0.12474059897209	2.0142287930426996e-06	.
E	V	25;4	ENSP00000493376;ENSP00000334393	.;0.003	.;0.0	.;0.608	.;0.137	0.003072	0.996927	.;2.545	.;5.28	.;-5.75	.;0.294	-0.9643	0.0064	0.5013151;0.5013151	0.005058	.;0.105	0.706	.;0.525613252392	.;3.21115196292	0.428732722998	.;0.0977	-0.164005	-0.473358	0.978383839130402	0.825517;0.918508	2.403096	2.081991	0.9692161207383586	0.60428	0.105405	-0.0393189743478204	2.0142287930426996e-06	.
E	D	25;4	ENSP00000493376;ENSP00000334393	.;0.001	.;0.02	.;0.39	.;0.037	0.003072	0.998138	.;2.085	.;6.55	.;-2.47	.;0.199	-0.8992	0.0019	0.26257342;0.26257342	0.002814	.;0.093	0.601	.;0.494366844524	.;2.73974519172	0.448017477989	.;0.074763	-0.276071	-0.634334	0.876238524913788	0.812919;0.738226	1.403194	1.389204	0.9768667939973265	0.27910999999999997	0.078579	-0.553824824333659	1.33364112194903e-06	.
E	D	25;4	ENSP00000493376;ENSP00000334393	.;0.001	.;0.02	.;0.39	.;0.037	0.003072	0.998138	.;2.085	.;6.55	.;-2.47	.;0.199	-0.8992	0.0019	0.25756913;0.25756913	0.00283	.;0.093	0.601	.;0.494366844524	.;2.73974519172	0.448017477989	.;0.074763	-0.276092	-0.634364	0.876238524913788	0.812919;0.738226	1.408534	1.4192049999999998	0.979512830048748	0.14264000000000002	0.032246	-0.553824824333659	1.33364112194903e-06	.
F	I	26;5	ENSP00000493376;ENSP00000334393	.;0.028	.;0.019	.;0.131	.;0.016	0.003187	0.91336	.;3.085	.;3.6	.;-4.8	.;0.794	-1.0800	0.0263	0.69930136;0.69930136	0.003821	.;0.124	0.782	.;0.392547445146	.;3.19444626942	0.573997855186	.;0.13322	-0.118186	-0.407542	0.989650130271912	0.854615;0.858314	2.698242	2.141522	0.9560561793140564	0.9301200000000001	0.196899	-0.131054965682778	0.0006158978042922809	.
F	L	26;5	ENSP00000493376;ENSP00000334393	.;0.001	.;0.019	.;0.062	.;0.01	0.003187	0.905307	.;2.615	.;3.62	.;-4.91	.;0.557	-1.0804	0.0268	0.6474818;0.6474818	0.002955	.;0.120	0.769	.;0.384419519794	.;3.14787012737	0.602166414261	.;0.13375	-0.126071	-0.418869	0.99493008852005	0.871813;0.873913	2.810382	2.219168	0.984842263170514	0.86746	0.173325	-0.155003714460237	0.0006158978042922809	.
F	V	26;5	ENSP00000493376;ENSP00000334393	.;0.0	.;0.0	.;0.001	.;0.001	0.003187	0.831587	.;3.31	.;3.6	.;-5.69	.;0.767	-1.0867	0.0297	0.76679844;0.76679844	0.003648	.;0.150	0.786	.;0.500931478032	.;2.83236230834	0.570857286453	.;0.137834	-0.104563	-0.387974	0.996611773967743	0.970803;0.971703	2.714352	2.121882	0.9667450745517772	0.88223	0.173325	-0.142558065875897	0.0006158978042922809	.
F	Y	26;5	ENSP00000493376;ENSP00000334393	.;0.002	.;0.001	.;0.596	.;0.069	0.003187	0.991137	.;3.595	.;3.64	.;-2.54	.;0.654	-1.0028	0.0287	0.68715984;0.68715984	0.002724	.;0.170	0.781	.;0.57809870819	.;3.22852605899	0.593915939331	.;0.193675	-0.113987	-0.401511	0.952000856399536	0.952605;0.953605	2.657798	2.046074	0.9745217312114932	0.9197	0.222464	0.129973569725816	9.305453520313421e-06	.
F	S	26;5	ENSP00000493376;ENSP00000334393	.;0.0	.;0.0	.;0.596	.;0.103	0.003187	0.932278	.;3.72	.;3.6	.;-6.58	.;0.935	-0.9654	0.0381	0.9249394;0.9249394	0.004007	.;0.193	0.841	.;0.679297102143	.;4.4416008843	0.575309634209	.;0.137478	0.0291371	-0.195923	0.992628574371338	0.850515;0.854015	2.9403080000000004	2.248367	0.9890255194976953	0.82516	0.127730	0.214479927402382	9.305453520313421e-06	.
F	C	26;5	ENSP00000493376;ENSP00000334393	.;0.0	.;0.0	.;0.983	.;0.439	0.003187	0.899561	.;3.8	.;3.59	.;-6.77	.;0.88	-0.9706	0.0395	0.8631519;0.8631519	0.003561	.;0.150	0.772	.;0.714752477654	.;3.87732945386	0.600179553032	.;0.212689	-0.0190664	-0.265164	0.99491947889328	0.975402;0.975702	3.00045	2.359469	0.980927198220495	0.86385	0.256885	0.367624725763093	9.305453520313421e-06	.
F	L	26;5	ENSP00000493376;ENSP00000334393	.;0.001	.;0.019	.;0.062	.;0.01	0.003187	0.996584	.;2.615	.;3.62	.;-4.91	.;0.557	-1.0354	0.0232	0.5259041;0.5259041	0.002681	.;0.098	0.769	.;0.236890367714	.;3.14787012737	0.602166414261	.;0.13375	-0.191404	-0.512715	0.986669301986694	0.871813;0.873913	1.6094110000000001	1.626403	0.977978004288894	0.15469000000000002	0.092630	-0.568917446042325	1.3788668643400601e-06	.
